section,year,age,n_at_age,purse_seine_selectivity,selected_numbers,predicted_comp,observed_comp,residual,abs_residual,selected_share,fleet,index,catch_mt
purse_seine_decomposition,2001,1,915.972275424128,0.243070195906079,222.64556043188,0.189731979375943,0.19500212,0.00527014062405659,0.00527014062405659,0.189731979375943,purse_seine,0.46,680
purse_seine_decomposition,2001,2,570.128124356297,0.875675157429416,499.247035050638,0.425443597321177,0.42353396,-0.00190963732117683,0.00190963732117683,0.425443597321177,purse_seine,0.46,680
purse_seine_decomposition,2001,3,339.559193646871,0.999009751023413,339.222945502872,0.289075788329898,0.30375569,0.0146799016701022,0.0146799016701022,0.289075788329898,purse_seine,0.46,680
purse_seine_decomposition,2001,4,203.277978245278,0.463172607939131,94.1527913204592,0.0802342316026841,0.07193626,-0.00829797160268413,0.00829797160268413,0.0802342316026841,purse_seine,0.46,680
purse_seine_decomposition,2001,5,125.920678251969,0.0935228824236465,11.7764647868647,0.0100355559290236,0.00562547,-0.00441008592902359,0.00441008592902359,0.0100355559290236,purse_seine,0.46,680
purse_seine_decomposition,2001,6,80.2909389356399,0.045484565215597,3.65199844823962,0.00311212535708466,0.00014526,-0.00296686535708466,0.00296686535708466,0.00311212535708466,purse_seine,0.46,680
purse_seine_decomposition,2001,7,49.7790422495533,0.0349477266917846,1.73966436351619,0.00148249065689637,1.24e-06,-0.00148125065689637,0.00148125065689637,0.00148249065689637,purse_seine,0.46,680
purse_seine_decomposition,2001,8,29.7180194452944,0.0219254146412955,0.651579898656163,0.000555257170427319,0,-0.000555257170427319,0.000555257170427319,0.000555257170427319,purse_seine,0.46,680
purse_seine_decomposition,2001,9,17.966734832211,0.0133790919816961,0.240378597930895,0.000204843550873302,0,-0.000204843550873302,0.000204843550873302,0.000204843550873302,purse_seine,0.46,680
purse_seine_decomposition,2001,10,31.1699601769523,0.0046732227281165,0.14566416633342,0.000124130705992865,0,-0.000124130705992865,0.000124130705992865,0.000124130705992865,purse_seine,0.46,680
purse_seine_decomposition,2002,1,929.718981508643,0.243070195906079,225.986974972906,0.189091336155682,0.194280648057194,0.00518931190151162,0.00518931190151162,0.189091336155682,purse_seine,0.442865,700
purse_seine_decomposition,2002,2,580.496153916074,0.875675157429416,508.326060967629,0.425334487010357,0.423199145768009,-0.00213534124234849,0.00213534124234849,0.425334487010357,purse_seine,0.442865,700
purse_seine_decomposition,2002,3,347.38412356584,0.999009751023413,347.040126792996,0.290380811915343,0.304401876955981,0.014021065040638,0.014021065040638,0.290380811915343,purse_seine,0.442865,700
purse_seine_decomposition,2002,4,206.286729488804,0.463172607939131,95.5463624805634,0.0799470383124111,0.0722998092770019,-0.00764722903540922,0.00764722903540922,0.0799470383124111,purse_seine,0.442865,700
purse_seine_decomposition,2002,5,126.0233596276,0.0935228824236465,11.786067845085,0.00986182197941197,0.0056704099432959,-0.00419141203611607,0.00419141203611607,0.00986182197941197,purse_seine,0.442865,700
purse_seine_decomposition,2002,6,79.6849527185735,0.045484565215597,3.62443542862972,0.00303269397756995,0.0001468499985315,-0.00288584397903845,0.00288584397903845,0.00303269397756995,purse_seine,0.442865,700
purse_seine_decomposition,2002,7,50.0795961429409,0.0349477266917846,1.75016803883845,0.00146442781934936,1.2599999874e-06,-0.00146316781936196,0.00146316781936196,0.00146442781934936,purse_seine,0.442865,700
purse_seine_decomposition,2002,8,30.7855819489067,0.0219254146412955,0.674986649203361,0.000564785326235781,0,-0.000564785326235781,0.000564785326235781,0.000564785326235781,purse_seine,0.442865,700
purse_seine_decomposition,2002,9,18.2275658921986,0.0133790919816961,0.243868280674152,0.000204053260344729,0,-0.000204053260344729,0.000204053260344729,0.000204053260344729,purse_seine,0.442865,700
purse_seine_decomposition,2002,10,30.3162700278558,0.0046732227281165,0.141674682125892,0.000118544243294678,0,-0.000118544243294678,0.000118544243294678,0.000118544243294678,purse_seine,0.442865,700
purse_seine_decomposition,2003,1,935.700169160797,0.243070195906079,227.440823427266,0.188171552087426,0.19356058,0.00538902791257398,0.00538902791257398,0.188171552087426,purse_seine,0.426433,720
purse_seine_decomposition,2003,2,586.028458952705,0.875675157429416,513.170563051528,0.424568025563206,0.42286186,-0.0017061655632063,0.0017061655632063,0.424568025563206,purse_seine,0.426433,720
purse_seine_decomposition,2003,3,352.597586432797,0.999009751023413,352.248427033685,0.291430237705237,0.30504745,0.0136172122947634,0.0136172122947634,0.291430237705237,purse_seine,0.426433,720
purse_seine_decomposition,2003,4,210.038143982773,0.463172607939131,97.2839149151958,0.0804871569970709,0.07266471,-0.00782244699707094,0.00782244699707094,0.0804871569970709,purse_seine,0.426433,720
purse_seine_decomposition,2003,5,128.92748938079,0.0935228824236465,12.0576704305355,0.00997582810896791,0.00571567,-0.00426015810896791,0.00426015810896791,0.00997582810896791,purse_seine,0.426433,720
purse_seine_decomposition,2003,6,80.8643829876657,0.045484565215597,3.67808130162149,0.00304303447727882,0.00014846,-0.00289457447727882,0.00289457447727882,0.00304303447727882,purse_seine,0.426433,720
purse_seine_decomposition,2003,7,50.1204332945065,0.0349477266917846,1.75159520445023,0.00144916986881951,1.27e-06,-0.00144789986881951,0.00144789986881951,0.00144916986881951,purse_seine,0.426433,720
purse_seine_decomposition,2003,8,30.5532314671125,0.0219254146412955,0.669892268547919,0.00055423061702175,0,-0.00055423061702175,0.00055423061702175,0.00055423061702175,purse_seine,0.426433,720
purse_seine_decomposition,2003,9,18.3376195543083,0.0133790919816961,0.24534069874244,0.000202980886970549,0,-0.000202980886970549,0.000202980886970549,0.000202980886970549,purse_seine,0.426433,720
purse_seine_decomposition,2003,10,30.4637330024589,0.0046732227281165,0.142363809450364,0.000117783688001465,0,-0.000117783688001465,0.000117783688001465,0.000117783688001465,purse_seine,0.426433,720
purse_seine_decomposition,2004,1,939.678386305405,0.243070195906079,228.407809447963,0.187865554108368,0.19284192,0.0049763658916322,0.0049763658916322,0.187865554108368,purse_seine,0.410755,745
purse_seine_decomposition,2004,2,589.063016004725,0.875675157429416,515.827849275784,0.424268701507775,0.42252208,-0.00174662150777521,0.00174662150777521,0.424268701507775,purse_seine,0.410755,745
purse_seine_decomposition,2004,3,354.865962546544,0.999009751023413,354.514556890307,0.291588426116635,0.3056924,0.0141039738833645,0.0141039738833645,0.291588426116635,purse_seine,0.410755,745
purse_seine_decomposition,2004,4,212.039871425757,0.463172607939131,98.211060235346,0.0807786533012,0.07303098,-0.00774767330119996,0.00774767330119996,0.0807786533012,purse_seine,0.410755,745
purse_seine_decomposition,2004,5,130.862404170554,0.0935228824236465,12.2386292389184,0.0100662795595879,0.00576125,-0.0043050295595879,0.0043050295595879,0.0100662795595879,purse_seine,0.410755,745
purse_seine_decomposition,2004,6,82.3349371970303,0.045484565215597,3.7449688204604,0.00308023900003577,0.00015008,-0.00293015900003577,0.00293015900003577,0.00308023900003577,purse_seine,0.410755,745
purse_seine_decomposition,2004,7,51.2754274321287,0.0349477266917846,1.79195962390247,0.00147388781713681,1.29e-06,-0.00147259781713681,0.00147259781713681,0.00147388781713681,purse_seine,0.410755,745
purse_seine_decomposition,2004,8,31.0054549394431,0.0219254146412955,0.679807455689293,0.0005591420217143,0,-0.0005591420217143,0.0005591420217143,0.0005591420217143,purse_seine,0.410755,745
purse_seine_decomposition,2004,9,18.3525728727607,0.0133790919816961,0.245540760565446,0.000201957416216659,0,-0.000201957416216659,0.000201957416216659,0.000201957416216659,purse_seine,0.410755,745
purse_seine_decomposition,2004,10,30.480601131888,0.0046732227281165,0.142442637976193,0.000117159151329945,0,-0.000117159151329945,0.000117159151329945,0.000117159151329945,purse_seine,0.410755,745
purse_seine_decomposition,2005,1,941.908396820022,0.243070195906079,228.949858540624,0.187639728166648,0.192124681921247,0.0044849537545992,0.0044849537545992,0.187639728166648,purse_seine,0.395873,765
purse_seine_decomposition,2005,2,590.928982963669,0.875675157429416,517.461830186316,0.424094593338864,0.422179814221798,-0.0019147791170655,0.0019147791170655,0.424094593338864,purse_seine,0.395873,765
purse_seine_decomposition,2005,3,356.374708513221,0.999009751023413,356.021808822835,0.291783693839066,0.306336703063367,0.014553009224301,0.014553009224301,0.291783693839066,purse_seine,0.395873,765
purse_seine_decomposition,2005,4,213.137850674571,0.463172607939131,98.7196141474821,0.0809073291480681,0.0733986207339862,-0.00750870841408187,0.00750870841408187,0.0809073291480681,purse_seine,0.395873,765
purse_seine_decomposition,2005,5,131.704285009306,0.0935228824236465,12.3173643616157,0.0100949042522908,0.0058071600580716,-0.00428774419421924,0.00428774419421924,0.0100949042522908,purse_seine,0.395873,765
purse_seine_decomposition,2005,6,83.119614209398,0.045484565215597,3.78065951320262,0.00309850343594826,0.0001517100015171,-0.00294679343443116,0.00294679343443116,0.00309850343594826,purse_seine,0.395873,765
purse_seine_decomposition,2005,7,52.0449575251012,0.0349477266917846,1.81885295127277,0.00149067169347637,1.3100000131e-06,-0.00148936169346327,0.00148936169346327,0.00149067169347637,purse_seine,0.395873,765
purse_seine_decomposition,2005,8,31.5693027125896,0.0219254146412955,0.692170051910102,0.000567279670812554,0,-0.000567279670812554,0.000567279670812554,0.000567279670812554,purse_seine,0.395873,765
purse_seine_decomposition,2005,9,18.7754964726779,0.0133790919816961,0.251199094309969,0.000205874465581586,0,-0.000205874465581586,0.000205874465581586,0.000205874465581586,purse_seine,0.395873,765
purse_seine_decomposition,2005,10,30.6583330444156,0.0046732227281165,0.143273218789328,0.000117421989244951,0,-0.000117421989244951,0.000117421989244951,0.000117421989244951,purse_seine,0.395873,765
purse_seine_decomposition,2006,1,945.452903061655,0.243070195906079,229.811422367168,0.187827714138627,0.191408848085912,0.00358113394728482,0.00358113394728482,0.187827714138627,purse_seine,0.381811,780
purse_seine_decomposition,2006,2,592.3570907149,0.875675157429416,518.7123886662,0.423950042408678,0.421835055781649,-0.00211498662702808,0.00211498662702808,0.423950042408678,purse_seine,0.381811,780
purse_seine_decomposition,2006,3,357.220443989008,0.999009751023413,356.866706809932,0.29167156750458,0.306980366930196,0.0153087994256164,0.0153087994256164,0.29167156750458,purse_seine,0.381811,780
purse_seine_decomposition,2006,4,213.813004565163,0.463172607939131,99.0323269357477,0.0809403440550137,0.0737676292623237,-0.00717271479269001,0.00717271479269001,0.0809403440550137,purse_seine,0.381811,780
purse_seine_decomposition,2006,5,132.26423814591,0.0935228824236465,12.3697327929731,0.0101099354030267,0.005853399941466,-0.00425653546156067,0.00425653546156067,0.0101099354030267,purse_seine,0.381811,780
purse_seine_decomposition,2006,6,83.5500219952435,0.045484565215597,3.80023642420721,0.00310598017014478,0.0001533699984663,-0.00295261017167848,0.00295261017167848,0.00310598017014478,purse_seine,0.381811,780
purse_seine_decomposition,2006,7,52.3797798353878,0.0349477266917846,1.83055422986298,0.00149613458313062,1.3299999867e-06,-0.00149480458314392,0.00149480458314392,0.00149613458313062,purse_seine,0.381811,780
purse_seine_decomposition,2006,8,31.8701677764175,0.0219254146412955,0.698766643185607,0.000571110608663222,0,-0.000571110608663222,0.000571110608663222,0.000571110608663222,purse_seine,0.381811,780
purse_seine_decomposition,2006,9,19.0572749047611,0.0133790919816961,0.254969033871269,0.000208389340768539,0,-0.000208389340768539,0.000208389340768539,0.000208389340768539,purse_seine,0.381811,780
purse_seine_decomposition,2006,10,31.0989204449516,0.0046732227281165,0.145332181843235,0.000118781787368172,0,-0.000118781787368172,0.000118781787368172,0.000118781787368172,purse_seine,0.381811,780
purse_seine_decomposition,2007,1,919.134262890125,0.243070195906079,223.414145344692,0.183518550052861,0.19069444,0.00717588994713947,0.00717588994713947,0.183518550052861,purse_seine,0.368584,800
purse_seine_decomposition,2007,2,590.791449228998,0.875675157429416,517.341395311556,0.42495851193048,0.42148783,-0.00347068193047967,0.00347068193047967,0.42495851193048,purse_seine,0.368584,800
purse_seine_decomposition,2007,3,358.564704320089,0.999009751023413,358.209635988596,0.294243289341267,0.30762337,0.0133800806587333,0.0133800806587333,0.294243289341267,purse_seine,0.368584,800
purse_seine_decomposition,2007,4,214.329729955077,0.463172607939131,99.2716599821825,0.0815444835561461,0.074138,-0.00740648355614612,0.00740648355614612,0.0815444835561461,purse_seine,0.368584,800
purse_seine_decomposition,2007,5,132.578122817593,0.0935228824236465,12.3990881922175,0.0101849535243287,0.00589997,-0.00428498352432865,0.00428498352432865,0.0101849535243287,purse_seine,0.368584,800
purse_seine_decomposition,2007,6,83.8146822713539,0.045484565215597,3.81227438179593,0.00313150747850566,0.00015504,-0.00297646747850566,0.00297646747850566,0.00313150747850566,purse_seine,0.368584,800
purse_seine_decomposition,2007,7,52.6024773885568,0.0349477266917846,1.83833700308606,0.00151006079223125,1.35e-06,-0.00150871079223125,0.00150871079223125,0.00151006079223125,purse_seine,0.368584,800
purse_seine_decomposition,2007,8,32.0351970354876,0.0219254146412955,0.702384978118666,0.000576958422056824,0,-0.000576958422056824,0.000576958422056824,0.000576958422056824,purse_seine,0.368584,800
purse_seine_decomposition,2007,9,19.1798766151824,0.0133790919816961,0.256609333432108,0.000210785994453642,0,-0.000210785994453642,0.000210785994453642,0.000210785994453642,purse_seine,0.368584,800
purse_seine_decomposition,2007,10,31.4946360672135,0.0046732227281165,0.14718144908306,0.000120898907670905,0,-0.000120898907670905,0.000120898907670905,0.000120898907670905,purse_seine,0.368584,800
purse_seine_decomposition,2008,1,928.664451063381,0.243070195906079,225.730650050988,0.188165550330904,0.189981461899815,0.00181591156891076,0.00181591156891076,0.188165550330904,purse_seine,0.356188,815
purse_seine_decomposition,2008,2,579.484101735144,0.875675157429416,507.439832014766,0.422993932057132,0.421138134211381,-0.00185579784575113,0.00185579784575113,0.422993932057132,purse_seine,0.356188,815
purse_seine_decomposition,2008,3,348.583312967171,0.999009751023413,348.23812869825,0.290285874416741,0.308265693082657,0.0179798186659162,0.0179798186659162,0.290285874416741,purse_seine,0.356188,815
purse_seine_decomposition,2008,4,213.763241392452,0.463172607939131,99.0092779972638,0.0825325904037066,0.0745097507450975,-0.00802283965860912,0.00802283965860912,0.0825325904037066,purse_seine,0.356188,815
purse_seine_decomposition,2008,5,133.077029065183,0.0935228824236465,12.4457473425513,0.010374580932902,0.0059468700594687,-0.00442771087343328,0.00442771087343328,0.010374580932902,purse_seine,0.356188,815
purse_seine_decomposition,2008,6,84.0172385866971,0.045484565215597,3.82148756773099,0.00318553245251536,0.0001567300015673,-0.00302880245094806,0.00302880245094806,0.00318553245251536,purse_seine,0.356188,815
purse_seine_decomposition,2008,7,52.7273116716274,0.0349477266917846,1.84269967749258,0.00153604572011666,1.3600000136e-06,-0.00153468572010306,0.00153468572010306,0.00153604572011666,purse_seine,0.356188,815
purse_seine_decomposition,2008,8,32.1366744964169,0.0219254146412955,0.704609913526286,0.000587351837764772,0,-0.000587351837764772,0.000587351837764772,0.000587351837764772,purse_seine,0.356188,815
purse_seine_decomposition,2008,9,19.2614216618723,0.0133790919816961,0.257700332112424,0.000214814978831798,0,-0.000214814978831798,0.000214814978831798,0.000214814978831798,purse_seine,0.356188,815
purse_seine_decomposition,2008,10,31.7612774303556,0.0046732227281165,0.148427523561552,0.000123726869385721,0,-0.000123726869385721,0.000123726869385721,0.000123726869385721,purse_seine,0.356188,815
purse_seine_decomposition,2009,1,934.64265908118,0.243070195906079,227.183774245041,0.188012179537282,0.1892699,0.00125772046271846,0.00125772046271846,0.188012179537282,purse_seine,0.34461,830
purse_seine_decomposition,2009,2,586.204694086723,0.875675157429416,513.324887780254,0.424816126428987,0.42078597,-0.00403015642898685,0.00403015642898685,0.424816126428987,purse_seine,0.34461,830
purse_seine_decomposition,2009,3,352.197653875525,0.999009751023413,351.848890509219,0.291182224576747,0.30890734,0.0177251154232534,0.0177251154232534,0.291182224576747,purse_seine,0.34461,830
purse_seine_decomposition,2009,4,209.671957987806,0.463172607939131,97.1143075929161,0.0803696157239832,0.07488287,-0.00548674572398317,0.00548674572398317,0.0803696157239832,purse_seine,0.34461,830
purse_seine_decomposition,2009,5,129.372554276728,0.0935228824236465,12.0992941824693,0.0100131036103625,0.0059941,-0.0040190036103625,0.0040190036103625,0.0100131036103625,purse_seine,0.34461,830
purse_seine_decomposition,2009,6,83.7951751112629,0.045484565215597,3.8113871071006,0.00315421820703342,0.00015844,-0.00299577820703342,0.00299577820703342,0.00315421820703342,purse_seine,0.34461,830
purse_seine_decomposition,2009,7,52.9257304201549,0.0349477266917846,1.84963396168664,0.00153071544672814,1.38e-06,-0.00152933544672814,0.00152933544672814,0.00153071544672814,purse_seine,0.34461,830
purse_seine_decomposition,2009,8,32.2143397239996,0.0219254146412955,0.706312755844248,0.000584528543477877,0,-0.000584528543477877,0.000584528543477877,0.000584528543477877,purse_seine,0.34461,830
purse_seine_decomposition,2009,9,19.3071321660815,0.0133790919816961,0.258311897152768,0.000213773113619103,0,-0.000213773113619103,0.000213773113619103,0.000213773113619103,purse_seine,0.34461,830
purse_seine_decomposition,2009,10,31.9369829880836,0.0046732227281165,0.149248634767382,0.000123514811781025,0,-0.000123514811781025,0.000123514811781025,0.000123514811781025,purse_seine,0.34461,830
purse_seine_decomposition,2010,1,896.569332135981,0.243070195906079,217.929283205676,0.183594756223786,0.18855977,0.00496501377621356,0.00496501377621356,0.183594756223786,purse_seine,0.333822,845
purse_seine_decomposition,2010,2,568.537246270108,0.875675157429416,497.853942632063,0.41941758302541,0.42043134,0.00101375697459005,0.00101375697459005,0.41941758302541,purse_seine,0.333822,845
purse_seine_decomposition,2010,3,354.464899957614,0.999009751023413,354.113891453195,0.298323624161365,0.30954829,0.0112246658386346,0.0112246658386346,0.298323624161365,purse_seine,0.333822,845
purse_seine_decomposition,2010,4,212.103637740493,0.463172607939131,98.240595045641,0.0827628936936477,0.07525737,-0.00750552369364765,0.00750552369364765,0.0827628936936477,purse_seine,0.333822,845
purse_seine_decomposition,2010,5,130.713973954453,0.0935228824236465,12.2247476172699,0.0102987516210558,0.00604167,-0.00425708162105583,0.00425708162105583,0.0102987516210558,purse_seine,0.333822,845
purse_seine_decomposition,2010,6,82.1913923135804,0.045484565215597,3.73843974384776,0.00314945253493666,0.00016016,-0.00298929253493666,0.00298929253493666,0.00314945253493666,purse_seine,0.333822,845
purse_seine_decomposition,2010,7,51.4524330721509,0.0349477266917846,1.79814556863287,0.0015148496451322,1.4e-06,-0.0015134496451322,0.0015134496451322,0.0015148496451322,purse_seine,0.333822,845
purse_seine_decomposition,2010,8,32.1291949565892,0.0219254146412955,0.704445921514238,0.000593461215174037,0,-0.000593461215174037,0.000593461215174037,0.000593461215174037,purse_seine,0.333822,845
purse_seine_decomposition,2010,9,19.3797870555609,0.0133790919816961,0.259283953602033,0.000218434042245613,0,-0.000218434042245613,0.000218434042245613,0.000218434042245613,purse_seine,0.333822,845
purse_seine_decomposition,2010,10,32.0536125994572,0.0046732227281165,0.149793670918025,0.000126193837246304,0,-0.000126193837246304,0.000126193837246304,0.000126193837246304,purse_seine,0.333822,845
purse_seine_decomposition,2011,1,906.779798327005,0.243070195906079,220.41114322302,0.187890323408488,0.18785107,-3.92534084875384e-05,3.92534084875384e-05,0.187890323408488,purse_seine,0.323785,855
purse_seine_decomposition,2011,2,569.514036997766,0.875675157429416,498.709294006281,0.42512664816972,0.42007426,-0.00505238816971976,0.00505238816971976,0.42512664816972,purse_seine,0.323785,855
purse_seine_decomposition,2011,3,340.025522623874,0.999009751023413,339.688812698082,0.289569029690609,0.31018854,0.020619510309391,0.020619510309391,0.289569029690609,purse_seine,0.323785,855
purse_seine_decomposition,2011,4,205.711109687929,0.463172607939131,95.2797511562106,0.0812215888781383,0.07563324,-0.00558834887813832,0.00558834887813832,0.0812215888781383,purse_seine,0.323785,855
purse_seine_decomposition,2011,5,131.555435395384,0.0935228824236465,12.3034435166741,0.0104881175587702,0.00608957,-0.00439854755877015,0.00439854755877015,0.0104881175587702,purse_seine,0.323785,855
purse_seine_decomposition,2011,6,83.1446106001464,0.045484565215597,3.78179646316778,0.00322380688262523,0.0001619,-0.00306190688262523,0.00306190688262523,0.00322380688262523,purse_seine,0.323785,855
purse_seine_decomposition,2011,7,51.9859257172924,0.0349477266917846,1.81678992378735,0.00154872953043163,1.42e-06,-0.00154730953043163,0.00154730953043163,0.00154872953043163,purse_seine,0.323785,855
purse_seine_decomposition,2011,8,31.514263964365,0.0219254146412955,0.69096330453394,0.000589014315945529,0,-0.000589014315945529,0.000589014315945529,0.000589014315945529,purse_seine,0.323785,855
purse_seine_decomposition,2011,9,18.8403105354037,0.0133790919816961,0.252066247616885,0.000214874838415855,0,-0.000214874838415855,0.000214874838415855,0.000214874838415855,purse_seine,0.323785,855
purse_seine_decomposition,2011,10,32.0974256255029,0.0046732227281165,0.149998418947129,0.000127866726857004,0,-0.000127866726857004,0.000127866726857004,0.000127866726857004,purse_seine,0.323785,855
purse_seine_decomposition,2012,1,906.779798327005,0.243070195906079,220.41114322302,0.187341368629307,0.187143801871438,-0.000197566757868584,0.000197566757868584,0.187341368629307,purse_seine,0.314453,865
purse_seine_decomposition,2012,2,569.514036997766,0.875675157429416,498.709294006281,0.423884565549198,0.419714724197147,-0.00416984135205045,0.00416984135205045,0.423884565549198,purse_seine,0.314453,865
purse_seine_decomposition,2012,3,343.897860187066,0.999009751023413,343.557315682966,0.292011087921871,0.310828063108281,0.0188169751864095,0.0188169751864095,0.292011087921871,purse_seine,0.314453,865
purse_seine_decomposition,2012,4,206.064537200089,0.463172607939131,95.4434490987351,0.0811234228877731,0.0760104907601049,-0.0051129321276682,0.0051129321276682,0.0811234228877731,purse_seine,0.314453,865
purse_seine_decomposition,2012,5,126.196432085873,0.0935228824236465,11.8022540802508,0.0100314820746961,0.0061378200613782,-0.00389366201331788,0.00389366201331788,0.0100314820746961,purse_seine,0.314453,865
purse_seine_decomposition,2012,6,80.6387400675001,0.045484565215597,3.66781803150378,0.00311751048453072,0.0001636600016366,-0.00295385048289412,0.00295385048289412,0.00311751048453072,purse_seine,0.314453,865
purse_seine_decomposition,2012,7,52.3205812299267,0.0349477266917846,1.82848537317879,0.00155414534547093,1.4400000144e-06,-0.00155270534545653,0.00155270534545653,0.00155414534547093,purse_seine,0.314453,865
purse_seine_decomposition,2012,8,31.8797520264713,0.0219254146412955,0.698976781842063,0.000594104567652929,0,-0.000594104567652929,0.000594104567652929,0.000594104567652929,purse_seine,0.314453,865
purse_seine_decomposition,2012,9,19.0356592585385,0.0133790919816961,0.254679836152212,0.000216468497778109,0,-0.000216468497778109,0.000216468497778109,0.000216468497778109,purse_seine,0.314453,865
purse_seine_decomposition,2012,10,31.6822514391744,0.0046732227281165,0.148058217503452,0.000125844041722729,0,-0.000125844041722729,0.000125844041722729,0.000125844041722729,purse_seine,0.314453,865
purse_seine_decomposition,2013,1,906.779798327005,0.243070195906079,220.41114322302,0.187333885765767,0.18643798,-0.00089590576576698,0.00089590576576698,0.187333885765767,purse_seine,0.305768,875
purse_seine_decomposition,2013,2,569.514036997766,0.875675157429416,498.709294006281,0.423867634583102,0.41935273,-0.00451490458310216,0.00451490458310216,0.423867634583102,purse_seine,0.305768,875
purse_seine_decomposition,2013,3,343.897860187066,0.999009751023413,343.557315682966,0.291999424298727,0.31146686,0.0194674357012729,0.0194674357012729,0.291999424298727,purse_seine,0.305768,875
purse_seine_decomposition,2013,4,206.064537200089,0.463172607939131,95.4434490987351,0.0811201826237152,0.07638912,-0.00473106262371516,0.00473106262371516,0.0811201826237152,purse_seine,0.305768,875
purse_seine_decomposition,2013,5,127.633604156181,0.0935228824236465,11.9366625548048,0.0101453190921645,0.00618641,-0.00395890909216446,0.00395890909216446,0.0101453190921645,purse_seine,0.305768,875
purse_seine_decomposition,2013,6,80.7772836266157,0.045484565215597,3.67411962505357,0.00312274187259722,0.00016544,-0.00295730187259722,0.00295730187259722,0.00312274187259722,purse_seine,0.305768,875
purse_seine_decomposition,2013,7,50.1892655064521,0.0349477266917846,1.7540007337809,0.00149077659273655,1.46e-06,-0.00148931659273655,0.00148931659273655,0.00149077659273655,purse_seine,0.305768,875
purse_seine_decomposition,2013,8,30.9189377221577,0.0219254146412955,0.677910529826699,0.000576176013140436,0,-0.000576176013140436,0.000576176013140436,0.000576176013140436,purse_seine,0.305768,875
purse_seine_decomposition,2013,9,19.1581998927505,0.0133790919816961,0.25631931856883,0.000217853295628283,0,-0.000217853295628283,0.000217853295628283,0.000217853295628283,purse_seine,0.305768,875
purse_seine_decomposition,2013,10,31.7242582468358,0.0046732227281165,0.14825452467175,0.000126005862421456,0,-0.000126005862421456,0.000126005862421456,0.000126005862421456,purse_seine,0.305768,875
purse_seine_decomposition,2014,1,906.779798327005,0.243070195906079,220.41114322302,0.187332395733154,0.185733591857336,-0.00159880387581818,0.00159880387581818,0.187332395733154,purse_seine,0.29767,885
purse_seine_decomposition,2014,2,569.514036997766,0.875675157429416,498.709294006281,0.423864263187711,0.418988304189883,-0.00487595899782794,0.00487595899782794,0.423864263187711,purse_seine,0.29767,885
purse_seine_decomposition,2014,3,343.897860187066,0.999009751023413,343.557315682966,0.291997101768218,0.312104923121049,0.0201078213528316,0.0201078213528316,0.291997101768218,purse_seine,0.29767,885
purse_seine_decomposition,2014,4,206.064537200089,0.463172607939131,95.4434490987351,0.0811195374029257,0.0767691307676913,-0.00435040663523435,0.00435040663523435,0.0811195374029257,purse_seine,0.29767,885
purse_seine_decomposition,2014,5,127.633604156181,0.0935228824236465,11.9366625548048,0.0101452383974399,0.0062353400623534,-0.00390989833508648,0.00390989833508648,0.0101452383974399,purse_seine,0.29767,885
purse_seine_decomposition,2014,6,80.7772836266157,0.045484565215597,3.67411962505357,0.00312271703466033,0.0001672300016723,-0.00295548703298803,0.00295548703298803,0.00312271703466033,purse_seine,0.29767,885
purse_seine_decomposition,2014,7,50.7608395947438,0.0349477266917846,1.77397594880262,0.00150774212048768,1.4800000148e-06,-0.00150626212047288,0.00150626212047288,0.00150774212048768,purse_seine,0.29767,885
purse_seine_decomposition,2014,8,30.9720588358124,0.0219254146412955,0.679075232269786,0.000577161337144503,0,-0.000577161337144503,0.000577161337144503,0.000577161337144503,purse_seine,0.29767,885
purse_seine_decomposition,2014,9,18.3777771278457,0.0133790919816961,0.245877970612558,0.000208977226011892,0,-0.000208977226011892,0.000208977226011892,0.000208977226011892,purse_seine,0.29767,885
purse_seine_decomposition,2014,10,31.4374749801874,0.0046732227281165,0.146914322592006,0.000124865792247292,0,-0.000124865792247292,0.000124865792247292,0.000124865792247292,purse_seine,0.29767,885
purse_seine_decomposition,2015,1,906.779798327005,0.243070195906079,220.41114322302,0.187332245299909,0.185030651850307,-0.00230159344960248,0.00230159344960248,0.187332245299909,purse_seine,0.29009,895
purse_seine_decomposition,2015,2,569.514036997766,0.875675157429416,498.709294006281,0.423863922812645,0.418621434186214,-0.00524248862643051,0.00524248862643051,0.423863922812645,purse_seine,0.29009,895
purse_seine_decomposition,2015,3,343.897860187066,0.999009751023413,343.557315682966,0.291996867286235,0.312742233127422,0.0207453658411874,0.0207453658411874,0.291996867286235,purse_seine,0.29009,895
purse_seine_decomposition,2015,4,206.064537200089,0.463172607939131,95.4434490987351,0.0811194722616285,0.0771505207715052,-0.00396895149012333,0.00396895149012333,0.0811194722616285,purse_seine,0.29009,895
purse_seine_decomposition,2015,5,127.633604156181,0.0935228824236465,11.9366625548048,0.0101452302505247,0.0062846100628461,-0.00386062018767862,0.00386062018767862,0.0101452302505247,purse_seine,0.29009,895
purse_seine_decomposition,2015,6,80.7772836266157,0.045484565215597,3.67411962505357,0.00312271452702968,0.0001690500016905,-0.00295366452533918,0.00295366452533918,0.00312271452702968,purse_seine,0.29009,895
purse_seine_decomposition,2015,7,50.7608395947438,0.0349477266917846,1.77397594880262,0.00150774090972785,1.500000015e-06,-0.00150624090971285,0.00150624090971285,0.00150774090972785,purse_seine,0.29009,895
purse_seine_decomposition,2015,8,30.9720588358124,0.0219254146412955,0.679075232269786,0.000577160873667524,0,-0.000577160873667524,0.000577160873667524,0.000577160873667524,purse_seine,0.29009,895
purse_seine_decomposition,2015,9,18.5870701131221,0.0133790919816961,0.248678120713695,0.000211356966934841,0,-0.000211356966934841,0.000211356966934841,0.000211356966934841,purse_seine,0.29009,895
purse_seine_decomposition,2015,10,31.0404633309841,0.0046732227281165,0.145058998729622,0.000123288811698058,0,-0.000123288811698058,0.000123288811698058,0.000123288811698058,purse_seine,0.29009,895
purse_seine_decomposition,2016,1,906.779798327005,0.243070195906079,220.41114322302,0.187332303941246,0.18432915,-0.00300315394124601,0.00300315394124601,0.187332303941246,purse_seine,0.282959,900
purse_seine_decomposition,2016,2,569.514036997766,0.875675157429416,498.709294006281,0.423864055496407,0.41825213,-0.00561192549640732,0.00561192549640732,0.423864055496407,purse_seine,0.282959,900
purse_seine_decomposition,2016,3,343.897860187066,0.999009751023413,343.557315682966,0.291996958691143,0.31337878,0.0213818213088568,0.0213818213088568,0.291996958691143,purse_seine,0.282959,900
purse_seine_decomposition,2016,4,206.064537200089,0.463172607939131,95.4434490987351,0.0811194976547706,0.0775333,-0.00358619765477056,0.00358619765477056,0.0811194976547706,purse_seine,0.282959,900
purse_seine_decomposition,2016,5,127.633604156181,0.0935228824236465,11.9366625548048,0.0101452334263254,0.00633424,-0.00381099342632537,0.00381099342632537,0.0101452334263254,purse_seine,0.282959,900
purse_seine_decomposition,2016,6,80.7772836266157,0.045484565215597,3.67411962505357,0.00312271550454508,0.00017088,-0.00295183550454508,0.00295183550454508,0.00312271550454508,purse_seine,0.282959,900
purse_seine_decomposition,2016,7,50.7608395947438,0.0349477266917846,1.77397594880262,0.00150774138170182,1.52e-06,-0.00150622138170182,0.00150622138170182,0.00150774138170182,purse_seine,0.282959,900
purse_seine_decomposition,2016,8,30.9720588358124,0.0219254146412955,0.679075232269786,0.000577161054338424,0,-0.000577161054338424,0.000577161054338424,0.000577161054338424,purse_seine,0.282959,900
purse_seine_decomposition,2016,9,18.5870701131221,0.0133790919816961,0.248678120713695,0.000211357033096729,0,-0.000211357033096729,0.000211357033096729,0.000211357033096729,purse_seine,0.282959,900
purse_seine_decomposition,2016,10,30.9616507196189,0.0046732227281165,0.144690689842928,0.000122975816425478,0,-0.000122975816425478,0.000122975816425478,0.000122975816425478,purse_seine,0.282959,900
purse_seine_decomposition,2017,1,906.779798327005,0.243070195906079,220.41114322302,0.187332327511382,0.1836291,-0.00370322751138152,0.00370322751138152,0.187332327511382,purse_seine,0.276208,905
purse_seine_decomposition,2017,2,569.514036997766,0.875675157429416,498.709294006281,0.423864108826949,0.4178804,-0.00598370882694893,0.00598370882694893,0.423864108826949,purse_seine,0.276208,905
purse_seine_decomposition,2017,3,343.897860187066,0.999009751023413,343.557315682966,0.291996995430177,0.31401455,0.0220175545698227,0.0220175545698227,0.291996995430177,purse_seine,0.276208,905
purse_seine_decomposition,2017,4,206.064537200089,0.463172607939131,95.4434490987351,0.0811195078612193,0.07791747,-0.00320203786121927,0.00320203786121927,0.0811195078612193,purse_seine,0.276208,905
purse_seine_decomposition,2017,5,127.633604156181,0.0935228824236465,11.9366625548048,0.0101452347027978,0.00638421,-0.00376102470279783,0.00376102470279783,0.0101452347027978,purse_seine,0.276208,905
purse_seine_decomposition,2017,6,80.7772836266157,0.045484565215597,3.67411962505357,0.0031227158974449,0.00017273,-0.0029499858974449,0.0029499858974449,0.0031227158974449,purse_seine,0.276208,905
purse_seine_decomposition,2017,7,50.7608395947438,0.0349477266917846,1.77397594880262,0.00150774157140572,1.54e-06,-0.00150620157140572,0.00150620157140572,0.00150774157140572,purse_seine,0.276208,905
purse_seine_decomposition,2017,8,30.9720588358124,0.0219254146412955,0.679075232269786,0.000577161126956782,0,-0.000577161126956782,0.000577161126956782,0.000577161126956782,purse_seine,0.276208,905
purse_seine_decomposition,2017,9,18.5870701131221,0.0133790919816961,0.248678120713695,0.000211357059689654,0,-0.000211357059689654,0.000211357059689654,0.000211357059689654,purse_seine,0.276208,905
purse_seine_decomposition,2017,10,30.9299730121636,0.0046732227281165,0.144542652860473,0.000122850011977952,0,-0.000122850011977952,0.000122850011977952,0.000122850011977952,purse_seine,0.276208,905
purse_seine_decomposition,2018,1,906.779798327005,0.243070195906079,220.41114322302,0.187332336985094,0.182930501829305,-0.00440183515578862,0.00440183515578862,0.187332336985094,purse_seine,0.269767,910
purse_seine_decomposition,2018,2,569.514036997766,0.875675157429416,498.709294006281,0.423864130262473,0.417506244175062,-0.00635788608741022,0.00635788608741022,0.423864130262473,purse_seine,0.269767,910
purse_seine_decomposition,2018,3,343.897860187066,0.999009751023413,343.557315682966,0.291997010196958,0.314649533146495,0.022652522949537,0.022652522949537,0.291997010196958,purse_seine,0.269767,910
purse_seine_decomposition,2018,4,206.064537200089,0.463172607939131,95.4434490987351,0.0811195119635698,0.0783030207830302,-0.00281649118053956,0.00281649118053956,0.0811195119635698,purse_seine,0.269767,910
purse_seine_decomposition,2018,5,127.633604156181,0.0935228824236465,11.9366625548048,0.0101452352158595,0.0064345400643454,-0.00371069515151408,0.00371069515151408,0.0101452352158595,purse_seine,0.269767,910
purse_seine_decomposition,2018,6,80.7772836266157,0.045484565215597,3.67411962505357,0.00312271605536592,0.000174600001746,-0.00294811605361992,0.00294811605361992,0.00312271605536592,purse_seine,0.269767,910
purse_seine_decomposition,2018,7,50.7608395947438,0.0349477266917846,1.77397594880262,0.00150774164765475,1.5600000156e-06,-0.00150618164763915,0.00150618164763915,0.00150774164765475,purse_seine,0.269767,910
purse_seine_decomposition,2018,8,30.9720588358124,0.0219254146412955,0.679075232269786,0.000577161156144795,0,-0.000577161156144795,0.000577161156144795,0.000577161156144795,purse_seine,0.269767,910
purse_seine_decomposition,2018,9,18.5870701131221,0.0133790919816961,0.248678120713695,0.000211357070378338,0,-0.000211357070378338,0.000211357070378338,0.000211357070378338,purse_seine,0.269767,910
purse_seine_decomposition,2018,10,30.9172405683042,0.0046732227281165,0.144483151314445,0.000122799446502208,0,-0.000122799446502208,0.000122799446502208,0.000122799446502208,purse_seine,0.269767,910
purse_seine_decomposition,2019,1,906.779798327005,0.243070195906079,220.41114322302,0.18733234079293,0.18223336,-0.00509898079292967,0.00509898079292967,0.18733234079293,purse_seine,0.26357,915
purse_seine_decomposition,2019,2,569.514036997766,0.875675157429416,498.709294006281,0.423864138878204,0.41712967,-0.00673446887820406,0.00673446887820406,0.423864138878204,purse_seine,0.26357,915
purse_seine_decomposition,2019,3,343.897860187066,0.999009751023413,343.557315682966,0.291997016132275,0.31528372,0.023286703867725,0.023286703867725,0.291997016132275,purse_seine,0.26357,915
purse_seine_decomposition,2019,4,206.064537200089,0.463172607939131,95.4434490987351,0.0811195136124565,0.07868996,-0.00242955361245646,0.00242955361245646,0.0811195136124565,purse_seine,0.26357,915
purse_seine_decomposition,2019,5,127.633604156181,0.0935228824236465,11.9366625548048,0.010145235422078,0.00648521,-0.00366002542207797,0.00366002542207797,0.010145235422078,purse_seine,0.26357,915
purse_seine_decomposition,2019,6,80.7772836266157,0.045484565215597,3.67411962505357,0.00312271611884023,0.00017649,-0.00294622611884023,0.00294622611884023,0.00312271611884023,purse_seine,0.26357,915
purse_seine_decomposition,2019,7,50.7608395947438,0.0349477266917846,1.77397594880262,0.00150774167830207,1.59e-06,-0.00150615167830207,0.00150615167830207,0.00150774167830207,purse_seine,0.26357,915
purse_seine_decomposition,2019,8,30.9720588358124,0.0219254146412955,0.679075232269786,0.000577161167876539,0,-0.000577161167876539,0.000577161167876539,0.000577161167876539,purse_seine,0.26357,915
purse_seine_decomposition,2019,9,18.5870701131221,0.0133790919816961,0.248678120713695,0.000211357074674516,0,-0.000211357074674516,0.000211357074674516,0.000211357074674516,purse_seine,0.26357,915
purse_seine_decomposition,2019,10,30.9121229275512,0.0046732227281165,0.144459235439364,0.000122779122363295,0,-0.000122779122363295,0.000122779122363295,0.000122779122363295,purse_seine,0.26357,915
purse_seine_decomposition,2020,1,906.779798327005,0.243070195906079,220.41114322302,0.18733234232344,0.18153768,-0.00579466232344009,0.00579466232344009,0.18733234232344,purse_seine,0.257553,920
purse_seine_decomposition,2020,2,569.514036997766,0.875675157429416,498.709294006281,0.423864142341186,0.41675068,-0.00711346234118593,0.00711346234118593,0.423864142341186,purse_seine,0.257553,920
purse_seine_decomposition,2020,3,343.897860187066,0.999009751023413,343.557315682966,0.291997018517899,0.3159171,0.0239200814821012,0.0239200814821012,0.291997018517899,purse_seine,0.257553,920
purse_seine_decomposition,2020,4,206.064537200089,0.463172607939131,95.4434490987351,0.0811195142752051,0.07907828,-0.00204123427520515,0.00204123427520515,0.0811195142752051,purse_seine,0.257553,920
purse_seine_decomposition,2020,5,127.633604156181,0.0935228824236465,11.9366625548048,0.0101452355049648,0.00653625,-0.00360898550496483,0.00360898550496483,0.0101452355049648,purse_seine,0.257553,920
purse_seine_decomposition,2020,6,80.7772836266157,0.045484565215597,3.67411962505357,0.0031227161443529,0.0001784,-0.0029443161443529,0.0029443161443529,0.0031227161443529,purse_seine,0.257553,920
purse_seine_decomposition,2020,7,50.7608395947438,0.0349477266917846,1.77397594880262,0.00150774169062036,1.61e-06,-0.00150613169062036,0.00150613169062036,0.00150774169062036,purse_seine,0.257553,920
purse_seine_decomposition,2020,8,30.9720588358124,0.0219254146412955,0.679075232269786,0.000577161172591961,0,-0.000577161172591961,0.000577161172591961,0.000577161172591961,purse_seine,0.257553,920
purse_seine_decomposition,2020,9,18.5870701131221,0.0133790919816961,0.248678120713695,0.000211357076401309,0,-0.000211357076401309,0.000211357076401309,0.000211357076401309,purse_seine,0.257553,920
purse_seine_decomposition,2020,10,30.9100659581928,0.0046732227281165,0.144449622763407,0.000122770953338897,0,-0.000122770953338897,0.000122770953338897,0.000122770953338897,purse_seine,0.257553,920
