direction,alpha,n_params,grad_rms,grad_sq,predicted_first_order_delta,max_abs_step,max_grad_param,max_abs_grad
all,1e-06,35,0.038349357674242225,0.0014706732340269608,-1.4706732340269607e-09,2.8422699999999996e-08,log_m_young_offset,0.0284227
all,3e-06,35,0.038349357674242225,0.0014706732340269608,-4.4120197020808826e-09,8.52681e-08,log_m_young_offset,0.0284227
all,1e-05,35,0.038349357674242225,0.0014706732340269608,-1.4706732340269609e-08,2.84227e-07,log_m_young_offset,0.0284227
all,3e-05,35,0.038349357674242225,0.0014706732340269608,-4.412019702080883e-08,8.52681e-07,log_m_young_offset,0.0284227
all,0.0001,35,0.038349357674242225,0.0014706732340269608,-1.470673234026961e-07,2.84227e-06,log_m_young_offset,0.0284227
all,0.0003,35,0.038349357674242225,0.0014706732340269608,-4.412019702080882e-07,8.526809999999998e-06,log_m_young_offset,0.0284227
all,0.001,35,0.038349357674242225,0.0014706732340269608,-1.470673234026961e-06,2.8422699999999998e-05,log_m_young_offset,0.0284227
age_m,1e-06,2,0.02851563096573702,0.0008131412093741,-8.131412093740999e-10,2.8422699999999996e-08,log_m_young_offset,0.0284227
age_m,3e-06,2,0.02851563096573702,0.0008131412093741,-2.4394236281223e-09,8.52681e-08,log_m_young_offset,0.0284227
age_m,1e-05,2,0.02851563096573702,0.0008131412093741,-8.131412093741e-09,2.84227e-07,log_m_young_offset,0.0284227
age_m,3e-05,2,0.02851563096573702,0.0008131412093741,-2.4394236281222998e-08,8.52681e-07,log_m_young_offset,0.0284227
age_m,0.0001,2,0.02851563096573702,0.0008131412093741,-8.131412093741e-08,2.84227e-06,log_m_young_offset,0.0284227
age_m,0.0003,2,0.02851563096573702,0.0008131412093741,-2.4394236281222994e-07,8.526809999999998e-06,log_m_young_offset,0.0284227
age_m,0.001,2,0.02851563096573702,0.0008131412093741,-8.131412093741e-07,2.8422699999999998e-05,log_m_young_offset,0.0284227
base_scale,1e-06,3,0.016805857850237815,0.0002824368580824,-2.824368580824e-10,1.28794e-08,log_r0,0.0128794
base_scale,3e-06,3,0.016805857850237815,0.0002824368580824,-8.473105742472e-10,3.8638199999999996e-08,log_r0,0.0128794
base_scale,1e-05,3,0.016805857850237815,0.0002824368580824,-2.8243685808240002e-09,1.28794e-07,log_r0,0.0128794
base_scale,3e-05,3,0.016805857850237815,0.0002824368580824,-8.473105742472e-09,3.86382e-07,log_r0,0.0128794
base_scale,0.0001,3,0.016805857850237815,0.0002824368580824,-2.8243685808240003e-08,1.28794e-06,log_r0,0.0128794
base_scale,0.0003,3,0.016805857850237815,0.0002824368580824,-8.473105742471999e-08,3.863819999999999e-06,log_r0,0.0128794
base_scale,0.001,3,0.016805857850237815,0.0002824368580824,-2.824368580824e-07,1.2879399999999999e-05,log_r0,0.0128794
purse_seine_selectivity,1e-06,10,0.013913488845702541,0.000193585171859489,-1.93585171859489e-10,7.09098e-09,logit_sel_purse_seine_age_4,0.00709098
purse_seine_selectivity,3e-06,10,0.013913488845702541,0.000193585171859489,-5.807555155784671e-10,2.1272940000000002e-08,logit_sel_purse_seine_age_4,0.00709098
purse_seine_selectivity,1e-05,10,0.013913488845702541,0.000193585171859489,-1.93585171859489e-09,7.090980000000001e-08,logit_sel_purse_seine_age_4,0.00709098
purse_seine_selectivity,3e-05,10,0.013913488845702541,0.000193585171859489,-5.80755515578467e-09,2.1272940000000002e-07,logit_sel_purse_seine_age_4,0.00709098
purse_seine_selectivity,0.0001,10,0.013913488845702541,0.000193585171859489,-1.93585171859489e-08,7.090980000000001e-07,logit_sel_purse_seine_age_4,0.00709098
purse_seine_selectivity,0.0003,10,0.013913488845702541,0.000193585171859489,-5.80755515578467e-08,2.1272939999999998e-06,logit_sel_purse_seine_age_4,0.00709098
purse_seine_selectivity,0.001,10,0.013913488845702541,0.000193585171859489,-1.9358517185948902e-07,7.090980000000001e-06,logit_sel_purse_seine_age_4,0.00709098
longline_selectivity,1e-06,10,0.010995594739432452,0.00012090310367383462,-1.2090310367383462e-10,6.582379999999999e-09,logit_sel_longline_age_9,0.00658238
longline_selectivity,3e-06,10,0.010995594739432452,0.00012090310367383462,-3.6270931102150386e-10,1.974714e-08,logit_sel_longline_age_9,0.00658238
longline_selectivity,1e-05,10,0.010995594739432452,0.00012090310367383462,-1.2090310367383462e-09,6.58238e-08,logit_sel_longline_age_9,0.00658238
longline_selectivity,3e-05,10,0.010995594739432452,0.00012090310367383462,-3.6270931102150386e-09,1.974714e-07,logit_sel_longline_age_9,0.00658238
longline_selectivity,0.0001,10,0.010995594739432452,0.00012090310367383462,-1.2090310367383462e-08,6.58238e-07,logit_sel_longline_age_9,0.00658238
longline_selectivity,0.0003,10,0.010995594739432452,0.00012090310367383462,-3.627093110215038e-08,1.974714e-06,logit_sel_longline_age_9,0.00658238
longline_selectivity,0.001,10,0.010995594739432452,0.00012090310367383462,-1.2090310367383463e-07,6.58238e-06,logit_sel_longline_age_9,0.00658238
initial_numbers,1e-06,10,0.007785042776834161,6.0606891037137746e-05,-6.060689103713774e-11,5.69966e-09,init_log_number_dev_age_6,0.00569966
initial_numbers,3e-06,10,0.007785042776834161,6.0606891037137746e-05,-1.8182067311141323e-10,1.709898e-08,init_log_number_dev_age_6,0.00569966
initial_numbers,1e-05,10,0.007785042776834161,6.0606891037137746e-05,-6.060689103713775e-10,5.69966e-08,init_log_number_dev_age_6,0.00569966
initial_numbers,3e-05,10,0.007785042776834161,6.0606891037137746e-05,-1.8182067311141324e-09,1.709898e-07,init_log_number_dev_age_6,0.00569966
initial_numbers,0.0001,10,0.007785042776834161,6.0606891037137746e-05,-6.060689103713775e-09,5.69966e-07,init_log_number_dev_age_6,0.00569966
initial_numbers,0.0003,10,0.007785042776834161,6.0606891037137746e-05,-1.8182067311141322e-08,1.7098979999999997e-06,init_log_number_dev_age_6,0.00569966
initial_numbers,0.001,10,0.007785042776834161,6.0606891037137746e-05,-6.060689103713775e-08,5.6996599999999996e-06,init_log_number_dev_age_6,0.00569966
