section,year,age,n_at_age,longline_selectivity,selected_numbers,predicted_comp,observed_comp,residual,abs_residual,selected_share,fleet,index,catch_mt
longline_decomposition,2001,1,907.757547732549,0.000251956837497815,0.228715720941465,0.00234848296883453,2e-08,-0.00234846296883453,0.00234846296883453,0.00234848296883453,longline,0.52,420
longline_decomposition,2001,2,562.32896322281,0.000612639719782154,0.344505058454211,0.00353742304694536,2.12e-06,-0.00353530304694536,0.00353530304694536,0.00353742304694536,longline,0.52,420
longline_decomposition,2001,3,339.247415841496,0.00148962160787312,0.50535028105261,0.00518900285237296,0.00012188,-0.00506712285237296,0.00506712285237296,0.00518900285237296,longline,0.52,420
longline_decomposition,2001,4,203.299017209933,0.00404765499140827,0.822884281758179,0.00844948354698063,0.00306002,-0.00538946354698063,0.00538946354698063,0.00844948354698063,longline,0.52,420
longline_decomposition,2001,5,126.865146453909,0.0266863294742175,3.38556509706388,0.034763425695473,0.03361977,-0.00114365569547299,0.00114365569547299,0.034763425695473,longline,0.52,420
longline_decomposition,2001,6,79.2149193464054,0.189055023847651,14.9759784661244,0.153775307725031,0.16163849,0.00786318227496946,0.00786318227496946,0.153775307725031,longline,0.52,420
longline_decomposition,2001,7,48.7055647844697,0.673949401480337,32.8250862352551,0.337052283317905,0.34007423,0.00302194668209488,0.00302194668209488,0.337052283317905,longline,0.52,420
longline_decomposition,2001,8,29.9383800095436,0.953849291540774,28.5567025619816,0.293223960892706,0.31309896,0.0198749991072937,0.0198749991072937,0.293223960892706,longline,0.52,420
longline_decomposition,2001,9,17.5654699574047,0.735283331765845,12.9155972743134,0.132619043877677,0.12614454,-0.00647450387767695,0.00647450387767695,0.132619043877677,longline,0.52,420
longline_decomposition,2001,10,32.3015786716084,0.0875598855619831,2.82832253195742,0.0290415860760744,0.02223997,-0.00680161607607443,0.00680161607607443,0.0290415860760744,longline,0.52,420
longline_decomposition,2002,1,915.972275424128,0.000251956837497815,0.230785477751541,0.00234816347264646,1.99999998e-08,-0.00234814347264666,0.00234814347264666,0.00234816347264646,longline,0.519855,435
longline_decomposition,2002,2,570.128124356297,0.000612639719782154,0.349283134345567,0.00355383668709307,2.0499999795e-06,-0.00355178668711357,0.00355178668711357,0.00355383668709307,longline,0.519855,435
longline_decomposition,2002,3,339.559193646871,0.00148962160787312,0.505814712008351,0.00514649206803166,0.0001184299988157,-0.00502806206921596,0.00502806206921596,0.00514649206803166,longline,0.519855,435
longline_decomposition,2002,4,203.277978245278,0.00404765499140827,0.822799123287879,0.00837170027097701,0.0029929299700707,-0.00537877030090631,0.00537877030090631,0.00837170027097701,longline,0.519855,435
longline_decomposition,2002,5,125.920678251969,0.0266863294742175,3.36036070744897,0.0341905233597196,0.0330979796690202,-0.00109254369069935,0.00109254369069935,0.0341905233597196,longline,0.519855,435
longline_decomposition,2002,6,80.2909389356399,0.189055023847651,15.1794053752277,0.154445269199202,0.160171418398286,0.00572614919908418,0.00572614919908418,0.154445269199202,longline,0.519855,435
longline_decomposition,2002,7,49.7790422495533,0.673949401480337,33.5485557303509,0.341345104958746,0.339193546608065,-0.00215155835068181,0.00215155835068181,0.341345104958746,longline,0.519855,435
longline_decomposition,2002,8,29.7180194452944,0.953849291540774,28.346511793889,0.288416083281514,0.314332336856677,0.0259162535751626,0.0259162535751626,0.288416083281514,longline,0.519855,435
longline_decomposition,2002,9,17.966734832211,0.735283331765845,13.2106406483816,0.134413760012164,0.127470438725296,-0.00694332128686834,0.00694332128686834,0.134413760012164,longline,0.519855,435
longline_decomposition,2002,10,31.1699601769523,0.0875598855619831,2.72923814606552,0.0277690666899062,0.0226208497737915,-0.00514821691611471,0.00514821691611471,0.0277690666899062,longline,0.519855,435
longline_decomposition,2003,1,924.265516180218,0.000251956837497815,0.232875016465053,0.00234930984127639,1e-08,-0.00234929984127639,0.00234929984127639,0.00234930984127639,longline,0.519019,450
longline_decomposition,2003,2,575.287483595552,0.000612639719782154,0.352443962744159,0.00355555560550034,1.98e-06,-0.00355357560550034,0.00355357560550034,0.00355555560550034,longline,0.519019,450
longline_decomposition,2003,3,344.268673397711,0.00148962160787312,0.512830054807044,0.00517357642287617,0.00011508,-0.00505849642287617,0.00505849642287617,0.00517357642287617,longline,0.519019,450
longline_decomposition,2003,4,203.464796357896,0.00404765499140827,0.823555298553906,0.00830826164651438,0.00292717,-0.00538109164651438,0.00538109164651438,0.00830826164651438,longline,0.519019,450
longline_decomposition,2003,5,125.907647000094,0.0266863294742175,3.36001295116799,0.0338967726672374,0.03258263,-0.00131414266723741,0.00131414266723741,0.0338967726672374,longline,0.519019,450
longline_decomposition,2003,6,79.6931999911913,0.189055023847651,15.0663998248303,0.151994155141114,0.15870965,0.00671549485888623,0.00671549485888623,0.151994155141114,longline,0.519019,450
longline_decomposition,2003,7,50.455218215341,0.673949401480337,34.0042641177888,0.343044752287849,0.33829803,-0.00474672228784911,0.00474672228784911,0.343044752287849,longline,0.519019,450
longline_decomposition,2003,8,30.3730087534486,0.953849291540774,28.9712728814387,0.29227049568403,0.31555461,0.0232841143159699,0.0232841143159699,0.29227049568403,longline,0.519019,450
longline_decomposition,2003,9,17.8344912096744,0.735283331765845,13.1134041169981,0.132291775272171,0.12880376,-0.00348801527217066,0.00348801527217066,0.132291775272171,longline,0.519019,450
longline_decomposition,2003,10,30.6967612776758,0.0875598855619831,2.68780490459681,0.0271153454314316,0.02300708,-0.00410826543143158,0.00410826543143158,0.0271153454314316,longline,0.519019,450
longline_decomposition,2004,1,929.718981508643,0.000251956837497815,0.234249054342607,0.00235324232198528,1e-08,-0.00235323232198528,0.00235323232198528,0.00235324232198528,longline,0.516963,465
longline_decomposition,2004,2,580.496153916074,0.000612639719782154,0.355635001069762,0.00357267327309087,1.91e-06,-0.00357076327309087,0.00357076327309087,0.00357267327309087,longline,0.516963,465
longline_decomposition,2004,3,347.38412356584,0.00148962160787312,0.51747089669574,0.00519846032214524,0.00011181,-0.00508665032214524,0.00508665032214524,0.00519846032214524,longline,0.516963,465
longline_decomposition,2004,4,206.286729488804,0.00404765499140827,0.834977510276644,0.00838809966854797,0.00286271,-0.00552538966854797,0.00552538966854797,0.00838809966854797,longline,0.516963,465
longline_decomposition,2004,5,126.0233596276,0.0266863294742175,3.36310089646993,0.0337853716630359,0.03207369,-0.00171168166303591,0.00171168166303591,0.0337853716630359,longline,0.516963,465
longline_decomposition,2004,6,79.6849527185735,0.189055023847651,15.0648406365089,0.151339866277309,0.15725327,0.00591340372269067,0.00591340372269067,0.151339866277309,longline,0.516963,465
longline_decomposition,2004,7,50.0795961429409,0.673949401480337,33.751113846912,0.339060278136842,0.33738781,-0.00167246813684196,0.00167246813684196,0.339060278136842,longline,0.516963,465
longline_decomposition,2004,8,30.7855819489067,0.953849291540774,29.3648055316351,0.294995868170479,0.31676562,0.0217697518295209,0.0217697518295209,0.294995868170479,longline,0.516963,465
longline_decomposition,2004,9,18.2275658921986,0.735283331765845,13.4024253791972,0.134639410639618,0.13014445,-0.00449496063961835,0.00449496063961835,0.134639410639618,longline,0.516963,465
longline_decomposition,2004,10,30.3162700278558,0.0875598855619831,2.65448913430523,0.0266667295269458,0.02339872,-0.00326800952694577,0.00326800952694577,0.0266667295269458,longline,0.516963,465
longline_decomposition,2005,1,933.074047874792,0.000251956837497815,0.235094386253817,0.00236089367816672,1.00000001e-08,-0.00236088367816662,0.00236088367816662,0.00236089367816672,longline,0.51331,485
longline_decomposition,2005,2,583.921268878438,0.000612639719782154,0.357733362540526,0.00359247384656569,1.8400000184e-06,-0.00359063384654729,0.00359063384654729,0.00359247384656569,longline,0.51331,485
longline_decomposition,2005,3,350.529349954096,0.00148962160787312,0.522156093885339,0.00524365996446718,0.0001086300010863,-0.00513502996338088,0.00513502996338088,0.00524365996446718,longline,0.51331,485
longline_decomposition,2005,4,208.153515739571,0.00404765499140827,0.842533616962453,0.00846099441856536,0.0027995200279952,-0.00566147439057016,0.00566147439057016,0.00846099441856536,longline,0.51331,485
longline_decomposition,2005,5,127.771227072816,0.0266863294742175,3.40974506299022,0.034241760050717,0.031571100315711,-0.00267065973500602,0.00267065973500602,0.034241760050717,longline,0.51331,485
longline_decomposition,2005,6,79.7581854051611,0.189055023847651,15.0786856438181,0.151425026257833,0.155802371558024,0.00437734530019024,0.00437734530019024,0.151425026257833,longline,0.51331,485
longline_decomposition,2005,7,50.0744135165433,0.673949401480337,33.7476210189532,0.338904498684172,0.33646304336463,-0.00244145531954176,0.00244145531954176,0.338904498684172,longline,0.51331,485
longline_decomposition,2005,8,30.5563936805627,0.953849291540774,29.1461944642457,0.29269548860671,0.317965213179652,0.0252697245729423,0.0252697245729423,0.29269548860671,longline,0.51331,485
longline_decomposition,2005,9,18.4751608923058,0.735283331765845,13.5844778558047,0.136419709555886,0.131492441314924,-0.00492726824096162,0.00492726824096162,0.136419709555886,longline,0.51331,485
longline_decomposition,2005,10,30.3142895988282,0.0875598855619831,2.65431572816622,0.0266554949369165,0.0237958302379583,-0.0028596646989582,0.0028596646989582,0.0266554949369165,longline,0.51331,485
longline_decomposition,2006,1,935.700169160797,0.000251956837497815,0.235756055467925,0.00236296797546433,1.00000001e-08,-0.00236295797546423,0.00236295797546423,0.00236296797546433,longline,0.507867,500
longline_decomposition,2006,2,586.028458952705,0.000612639719782154,0.359024310877153,0.00359847787295238,1.7800000178e-06,-0.00359669787293458,0.00359669787293458,0.00359847787295238,longline,0.507867,500
longline_decomposition,2006,3,352.597586432797,0.00148962160787312,0.525236983634204,0.00526441693891491,0.0001055400010554,-0.00515887693785951,0.00515887693785951,0.00526441693891491,longline,0.507867,500
longline_decomposition,2006,4,210.038143982773,0.00404765499140827,0.850161941878001,0.00852111916544004,0.002737600027376,-0.00578351913806404,0.00578351913806404,0.00852111916544004,longline,0.507867,500
longline_decomposition,2006,5,128.92748938079,0.0266863294742175,3.44060145989943,0.034484929983842,0.0310748103107481,-0.00341011967309392,0.00341011967309392,0.034484929983842,longline,0.507867,500
longline_decomposition,2006,6,80.8643829876657,0.189055023847651,15.2878178541587,0.153228827706713,0.154357061543571,0.00112823383685792,0.00112823383685792,0.153228827706713,longline,0.507867,500
longline_decomposition,2006,7,50.1204332945065,0.673949401480337,33.7786360207678,0.338561124182023,0.335523843355238,-0.00303728082678451,0.00303728082678451,0.338561124182023,longline,0.507867,500
longline_decomposition,2006,8,30.5532314671125,0.953849291540774,29.1431781891866,0.292100224647962,0.319153213191532,0.02705298854357,0.02705298854357,0.292100224647962,longline,0.507867,500
longline_decomposition,2006,9,18.3376195543083,0.735283331765845,13.4833460025463,0.135142720906512,0.132847681328477,-0.00229503957803492,0.00229503957803492,0.135142720906512,longline,0.507867,500
longline_decomposition,2006,10,30.4637330024589,0.0875598855619831,2.66740097548611,0.0267351906201769,0.0241984602419846,-0.00253673037819233,0.00253673037819233,0.0267351906201769,longline,0.507867,500
longline_decomposition,2007,1,937.905667207912,0.000251956837497815,0.236311745780984,0.0023526720970871,1.00000001e-08,-0.002352662097087,0.002352662097087,0.0023526720970871,longline,0.500648,515
longline_decomposition,2007,2,587.677826239005,0.000612639719782154,0.36003477878925,0.00358443366934221,1.7200000172e-06,-0.00358271366932501,0.00358271366932501,0.00358443366934221,longline,0.500648,515
longline_decomposition,2007,3,353.87000135231,0.00148962160787312,0.527132400392491,0.00524802390069668,0.0001025300010253,-0.00514549389967138,0.00514549389967138,0.00524802390069668,longline,0.500648,515
longline_decomposition,2007,4,211.277436930314,0.00404765499140827,0.855178172162929,0.00851398146561184,0.002676900026769,-0.00583708143884284,0.00583708143884284,0.00851398146561184,longline,0.500648,515
longline_decomposition,2007,5,130.094802779023,0.0266863294742175,3.47175276984436,0.0345640706203736,0.0305847903058479,-0.00397928031452565,0.00397928031452565,0.0345640706203736,longline,0.500648,515
longline_decomposition,2007,6,81.5961630624781,0.189055023847651,15.4261645536536,0.153579784155509,0.152917431529174,-0.000662352626334684,0.000662352626334684,0.153579784155509,longline,0.500648,515
longline_decomposition,2007,7,50.8155732586722,0.673949401480337,34.2471251835623,0.340957473605613,0.334570373345704,-0.00638710025990902,0.00638710025990902,0.340957473605613,longline,0.500648,515
longline_decomposition,2007,8,30.581310736133,0.953849291540774,29.1699615800487,0.290410256399561,0.320329473203295,0.0299192168037335,0.0299192168037335,0.290410256399561,longline,0.500648,515
longline_decomposition,2007,9,18.3357218347081,0.735283331765845,13.4819506409559,0.134223582422685,0.134210121342101,-1.34610805842539e-05,1.34610805842539e-05,0.134223582422685,longline,0.500648,515
longline_decomposition,2007,10,30.4747632004332,0.0875598855619831,2.66836677835847,0.0265657216635202,0.0246066502460665,-0.00195907141745374,0.00195907141745374,0.0265657216635202,longline,0.500648,515
longline_decomposition,2008,1,939.678386305405,0.000251956837497815,0.23675839447856,0.00233633807418642,9.9999998e-09,-0.00233632807418662,0.00233632807418662,0.00233633807418642,longline,0.491863,530
longline_decomposition,2008,2,589.063016004725,0.000612639719782154,0.360883401059165,0.00356120690923492,1.6599999668e-06,-0.00355954690926812,0.00355954690926812,0.00356120690923492,longline,0.491863,530
longline_decomposition,2008,3,354.865962546544,0.00148962160787312,0.528616005708025,0.00521639667087641,9.9599998008e-05,-0.00511679667286841,0.00511679667286841,0.00521639667087641,longline,0.491863,530
longline_decomposition,2008,4,212.039871425757,0.00404765499140827,0.858264243954034,0.00846937417057124,0.0026174299476514,-0.00585194422291983,0.00585194422291983,0.00846937417057124,longline,0.491863,530
longline_decomposition,2008,5,130.862404170554,0.0266863294742175,3.49223723348361,0.0344614890240695,0.0301009693979806,-0.00436051962608892,0.00436051962608892,0.0344614890240695,longline,0.491863,530
longline_decomposition,2008,6,82.3349371970303,0.189055023847651,15.5658335152794,0.153604055215401,0.151483586970328,-0.00212046824507248,0.00212046824507248,0.153604055215401,longline,0.491863,530
longline_decomposition,2008,7,51.2754274321287,0.673949401480337,34.5570436285316,0.341009816942186,0.333602763327945,-0.00740705361424099,0.00740705361424099,0.341009816942186,longline,0.491863,530
longline_decomposition,2008,8,31.0054549394431,0.953849291540774,29.5745312278872,0.291842253306821,0.321493833570123,0.0296515802633025,0.0296515802633025,0.291842253306821,longline,0.491863,530
longline_decomposition,2008,9,18.3525728727607,0.735283331765845,13.4943409283589,0.133162511793566,0.135579677288406,0.00241716549484003,0.00241716549484003,0.133162511793566,longline,0.491863,530
longline_decomposition,2008,10,30.480601131888,0.0875598855619831,2.66887794696857,0.026336557893088,0.0250204694995906,-0.00131608839349736,0.00131608839349736,0.026336557893088,longline,0.491863,530
longline_decomposition,2009,1,940.876658321031,0.000251956837497815,0.237060307306079,0.00231922362331085,1e-08,-0.00231921362331085,0.00231921362331085,0.00231922362331085,longline,0.481891,545
longline_decomposition,2009,2,590.176393708483,0.000612639719782154,0.361565500463607,0.00353729082518532,1.6e-06,-0.00353569082518532,0.00353569082518532,0.00353729082518532,longline,0.481891,545
longline_decomposition,2009,3,355.702401625193,0.00148962160787312,0.529861983433249,0.00518377978598537,9.675e-05,-0.00508702978598537,0.00508702978598537,0.00518377978598537,longline,0.481891,545
longline_decomposition,2009,4,212.636654093865,0.00404765499140827,0.860679814299387,0.0084202580352377,0.00255914,-0.0058611180352377,0.0058611180352377,0.0084202580352377,longline,0.481891,545
longline_decomposition,2009,5,131.334645847403,0.0266863294742175,3.50483963046347,0.0342887721662819,0.02962331,-0.00466546216628193,0.00466546216628193,0.0342887721662819,longline,0.481891,545
longline_decomposition,2009,6,82.8207399425202,0.189055023847651,15.6576769649133,0.153183190876028,0.15005561,-0.00312758087602799,0.00312758087602799,0.153183190876028,longline,0.481891,545
longline_decomposition,2009,7,51.7396767068888,0.673949401480337,34.8699241493938,0.341141681411537,0.33262117,-0.00852051141153737,0.00852051141153737,0.341141681411537,longline,0.481891,545
longline_decomposition,2009,8,31.286037976089,0.953849291540774,29.8421651586103,0.291953786751959,0.32264615,0.0306923632480414,0.0306923632480414,0.291953786751959,longline,0.481891,545
longline_decomposition,2009,9,18.6071119102458,0.735283331765845,13.6814992399054,0.13384972203942,0.1369563,0.00310657796058036,0.00310657796058036,0.13384972203942,longline,0.481891,545
longline_decomposition,2009,10,30.4945586957529,0.0875598855619831,2.6701000696633,0.0261222944850552,0.02543996,-0.000682334485055166,0.000682334485055166,0.0261222944850552,longline,0.481891,545
longline_decomposition,2010,1,941.908396820022,0.000251956837497815,0.23732026087541,0.00230632880375036,1.00000001e-08,-0.00230631880375026,0.00230631880375026,0.00230632880375036,longline,0.471238,555
longline_decomposition,2010,2,590.928982963669,0.000612639719782154,0.362026566534016,0.00351825122322189,1.5400000154e-06,-0.00351671122320649,0.00351671122320649,0.00351825122322189,longline,0.471238,555
longline_decomposition,2010,3,356.374708513221,0.00148962160787312,0.530863466300779,0.00515904414849355,9.39700009397e-05,-0.00506507414755385,0.00506507414755385,0.00515904414849355,longline,0.471238,555
longline_decomposition,2010,4,213.137850674571,0.00404765499140827,0.862708485140957,0.0083839846677271,0.0025020200250202,-0.0058819646427069,0.0058819646427069,0.0083839846677271,longline,0.471238,555
longline_decomposition,2010,5,131.704285009306,0.0266863294742175,3.51470394292458,0.0341566409472199,0.0291517502915175,-0.00500489065570239,0.00500489065570239,0.0341566409472199,longline,0.471238,555
longline_decomposition,2010,6,83.119614209398,0.189055023847651,15.7141806465653,0.152713751951995,0.148633601486336,-0.00408015046565899,0.00408015046565899,0.152713751951995,longline,0.471238,555
longline_decomposition,2010,7,52.0449575251012,0.673949401480337,35.0756679741115,0.340872806481309,0.331625743316257,-0.00924706316505197,0.00924706316505197,0.340872806481309,longline,0.471238,555
longline_decomposition,2010,8,31.5693027125896,0.953849291540774,30.1123570268398,0.292638294360696,0.323786253237863,0.0311479588771665,0.0311479588771665,0.292638294360696,longline,0.471238,555
longline_decomposition,2010,9,18.7754964726779,0.735283331765845,13.8053096019885,0.13416293687825,0.138339921383399,0.00417698450514908,0.00417698450514908,0.13416293687825,longline,0.471238,555
longline_decomposition,2010,10,30.6583330444156,0.0875598855619831,2.68444013289019,0.0260879605373365,0.0258651902586519,-0.000222770278684635,0.000222770278684635,0.0260879605373365,longline,0.471238,555
longline_decomposition,2011,1,943.150490350662,0.000251956837497815,0.237633214833266,0.00229813987154656,1e-08,-0.00229812987154656,0.00229812987154656,0.00229813987154656,longline,0.460477,565
longline_decomposition,2011,2,591.576978826359,0.000612639719782154,0.362423554537754,0.00350498149703205,1.49e-06,-0.00350349149703205,0.00350349149703205,0.00350498149703205,longline,0.460477,565
longline_decomposition,2011,3,356.82915531812,0.00148962160787312,0.531540420080984,0.00514050291153032,9.127e-05,-0.00504923291153032,0.00504923291153032,0.00514050291153032,longline,0.460477,565
longline_decomposition,2011,4,213.540698798321,0.00404765499140827,0.864339075359834,0.00835898337281614,0.00244606,-0.00591292337281614,0.00591292337281614,0.00835898337281614,longline,0.460477,565
longline_decomposition,2011,5,132.014719433663,0.0266863294742175,3.52298829825313,0.0340706575084135,0.02868626,-0.00538439750841351,0.00538439750841351,0.0340706575084135,longline,0.460477,565
longline_decomposition,2011,6,83.3535529719828,0.189055023847651,15.7584079449047,0.152398837156209,0.14721763,-0.0051812071562094,0.0051812071562094,0.152398837156209,longline,0.460477,565
longline_decomposition,2011,7,52.2327715742849,0.673949401480337,35.2022451401485,0.340439290783883,0.33061661,-0.00982268078388265,0.00982268078388265,0.340439290783883,longline,0.460477,565
longline_decomposition,2011,8,31.7555718038538,0.953849291540774,30.2900296675781,0.292933481282199,0.324914,0.0319805187178014,0.0319805187178014,0.292933481282199,longline,0.460477,565
longline_decomposition,2011,9,18.945490387058,0.735283331765845,13.9303032937338,0.134719321305855,0.13973048,0.00501115869414526,0.00501115869414526,0.134719321305855,longline,0.460477,565
longline_decomposition,2011,10,30.8646509791305,0.0875598855619831,2.70250530764321,0.026135804310516,0.02629619,0.000160385689483976,0.000160385689483976,0.026135804310516,longline,0.460477,565
longline_decomposition,2012,1,945.452903061655,0.000251956837497815,0.238213323458543,0.00229580963219122,1e-08,-0.00229579963219122,0.00229579963219122,0.00229580963219122,longline,0.450186,575
longline_decomposition,2012,2,592.3570907149,0.000612639719782154,0.362901482066548,0.0034975067975568,1.44e-06,-0.0034960667975568,0.0034960667975568,0.0034975067975568,longline,0.450186,575
longline_decomposition,2012,3,357.220443989008,0.00148962160787312,0.532123292140055,0.00512840239946129,8.865e-05,-0.00503975239946129,0.00503975239946129,0.00512840239946129,longline,0.450186,575
longline_decomposition,2012,4,213.813004565163,0.00404765499140827,0.86544127515618,0.00834079465729462,0.00239123,-0.00594956465729462,0.00594956465729462,0.00834079465729462,longline,0.450186,575
longline_decomposition,2012,5,132.26423814591,0.0266863294742175,3.52964703681811,0.0340173989754712,0.02822678,-0.00579061897547119,0.00579061897547119,0.0340173989754712,longline,0.450186,575
longline_decomposition,2012,6,83.5500219952435,0.189055023847651,15.7955514007825,0.152231531491139,0.14580781,-0.00642372149113915,0.00642372149113915,0.152231531491139,longline,0.450186,575
longline_decomposition,2012,7,52.3797798353878,0.673949401480337,35.3013212697314,0.340220740903398,0.32959393,-0.0106268109033976,0.0106268109033976,0.340220740903398,longline,0.450186,575
longline_decomposition,2012,8,31.8701677764175,0.953849291540774,30.3993369548214,0.292977275913165,0.32602924,0.033051964086835,0.033051964086835,0.292977275913165,longline,0.450186,575
longline_decomposition,2012,9,19.0572749047611,0.735283331765845,14.0124965863504,0.135047125689376,0.14112789,0.00608076431062382,0.00608076431062382,0.135047125689376,longline,0.450186,575
longline_decomposition,2012,10,31.0989204449516,0.0875598855619831,2.72301791526118,0.0262434135409469,0.02673302,0.000489606459053136,0.000489606459053136,0.0262434135409469,longline,0.450186,575
longline_decomposition,2013,1,940.657677217693,0.000251956837497815,0.23700513351981,0.00227815009295223,9.9999999e-09,-0.00227814009295233,0.00227814009295233,0.00227815009295223,longline,0.440889,585
longline_decomposition,2013,2,593.803148909284,0.000612639719782154,0.363787394753544,0.00349681154523754,1.3899999861e-06,-0.00349542154525144,0.00349542154525144,0.00349681154523754,longline,0.440889,585
longline_decomposition,2013,3,357.691510181845,0.00148962160787312,0.532825002519643,0.00512164150619943,8.60899991391e-05,-0.00503555150706033,0.00503555150706033,0.00512164150619943,longline,0.440889,585
longline_decomposition,2013,4,214.047465805585,0.00404765499140827,0.866390293366268,0.00832795095216914,0.0023375099766249,-0.00599044097554424,0.00599044097554424,0.00832795095216914,longline,0.440889,585
longline_decomposition,2013,5,132.432900677206,0.0266863294742175,3.53414802069823,0.0339710770070204,0.0277732597222674,-0.00619781728475301,0.00619781728475301,0.0339710770070204,longline,0.440889,585
longline_decomposition,2013,6,83.7079384305155,0.189055023847651,15.8254062962188,0.152117594624693,0.144404208555958,-0.00771338606873523,0.00771338606873523,0.152117594624693,longline,0.440889,585
longline_decomposition,2013,7,52.5032419292751,0.673949401480337,35.3845284740122,0.340124560320564,0.328557856714421,-0.0115667036061423,0.0115667036061423,0.340124560320564,longline,0.440889,585
longline_decomposition,2013,8,31.9598658300466,0.953849291540774,30.4848953797281,0.293028113828436,0.327131826728682,0.0341037129002453,0.0341037129002453,0.293028113828436,longline,0.440889,585
longline_decomposition,2013,9,19.1260466770225,0.735283331765845,14.0630633241902,0.13517753199434,0.142532098574679,0.00735456658033859,0.00735456658033859,0.13517753199434,longline,0.440889,585
longline_decomposition,2013,10,31.3154815508867,0.0875598855619831,2.74197998091403,0.0263565681283876,0.0271757497282425,0.000819181599854935,0.000819181599854935,0.0263565681283876,longline,0.440889,585
longline_decomposition,2014,1,919.134262890125,0.000251956837497815,0.231582162113681,0.00222146997793715,1e-08,-0.00222145997793715,0.00222145997793715,0.00222146997793715,longline,0.432995,595
longline_decomposition,2014,2,590.791449228998,0.000612639719782154,0.361942307905346,0.00347195985829994,1.34e-06,-0.00347061985829994,0.00347061985829994,0.00347195985829994,longline,0.432995,595
longline_decomposition,2014,3,358.564704320089,0.00148962160787312,0.534125731375841,0.00512364279642874,8.361e-05,-0.00504003279642874,0.00504003279642874,0.00512364279642874,longline,0.432995,595
longline_decomposition,2014,4,214.329729955077,0.00404765499140827,0.867532801259852,0.00832187615524739,0.00228488,-0.00603699615524739,0.00603699615524739,0.00832187615524739,longline,0.432995,595
longline_decomposition,2014,5,132.578122817593,0.0266863294742175,3.53802346658356,0.033938766442617,0.02732564,-0.00661312644261703,0.00661312644261703,0.033938766442617,longline,0.432995,595
longline_decomposition,2014,6,83.8146822713539,0.189055023847651,15.8455867555941,0.152000028581957,0.14300692,-0.00899310858195682,0.00899310858195682,0.152000028581957,longline,0.432995,595
longline_decomposition,2014,7,52.6024773885568,0.673949401480337,35.4514081524008,0.340070401655094,0.32750855,-0.0125618516550944,0.0125618516550944,0.340070401655094,longline,0.432995,595
longline_decomposition,2014,8,32.0351970354876,0.953849291540774,30.5567499966689,0.293118010996068,0.32822161,0.0351035990039317,0.0351035990039317,0.293118010996068,longline,0.432995,595
longline_decomposition,2014,9,19.1798766151824,0.735283331765845,14.1026435804691,0.135280710040963,0.14394303,0.00866231995903657,0.00866231995903657,0.135280710040963,longline,0.432995,595
longline_decomposition,2014,10,31.4946360672135,0.0875598855619831,2.75766672986152,0.0264531334953867,0.02762441,0.00117127650461327,0.00117127650461327,0.0264531334953867,longline,0.432995,595
longline_decomposition,2015,1,922.654127499865,0.000251956837497815,0.232469016069172,0.00222649432635733,1e-08,-0.00222648432635733,0.00222648432635733,0.00222649432635733,longline,0.426759,600
longline_decomposition,2015,2,577.273408127636,0.000612639719782154,0.353660618993004,0.00338721854188794,1.29e-06,-0.00338592854188794,0.00338592854188794,0.00338721854188794,longline,0.426759,600
longline_decomposition,2015,3,356.746106343056,0.00148962160787312,0.531416708533217,0.00508969456010702,8.119e-05,-0.00500850456010702,0.00500850456010702,0.00508969456010702,longline,0.426759,600
longline_decomposition,2015,4,214.852950267891,0.00404765499140827,0.869650616570621,0.00832916229632726,0.00223332,-0.00609584229632726,0.00609584229632726,0.00832916229632726,longline,0.426759,600
longline_decomposition,2015,5,132.752953437229,0.0266863294742175,3.54268905410134,0.0339304446346424,0.02688389,-0.00704655463464243,0.00704655463464243,0.0339304446346424,longline,0.426759,600
longline_decomposition,2015,6,83.9065910605828,0.189055023847651,15.8629625739336,0.151929047437326,0.14161602,-0.0103130274373264,0.0103130274373264,0.151929047437326,longline,0.426759,600
longline_decomposition,2015,7,52.6695557395393,0.673949401480337,35.4966155668978,0.339972244477813,0.32644616,-0.013526084477813,0.013526084477813,0.339972244477813,longline,0.426759,600
longline_decomposition,2015,8,32.0957462011044,0.953849291540774,30.614504775396,0.293213359523044,0.32929844,0.0360850804769557,0.0360850804769557,0.293213359523044,longline,0.426759,600
longline_decomposition,2015,9,19.2250846655952,0.735283331765845,14.1358843063993,0.135387789471594,0.14536061,0.00997282052840592,0.00997282052840592,0.135387789471594,longline,0.426759,600
longline_decomposition,2015,10,31.6409810015942,0.0875598855619831,2.77048067556847,0.0265345447309003,0.02807907,0.00154452526909973,0.00154452526909973,0.0265345447309003,longline,0.426759,600
longline_decomposition,2016,1,928.664451063381,0.000251956837497815,0.233983358186574,0.00223818818225077,9.9999999e-09,-0.00223817818225087,0.00223817818225087,0.00223818818225077,longline,0.422262,605
longline_decomposition,2016,2,579.484101735144,0.000612639719782154,0.355014977705232,0.00339592667521371,1.2499999875e-06,-0.00339467667522621,0.00339467667522621,0.00339592667521371,longline,0.422262,605
longline_decomposition,2016,3,348.583312967171,0.00148962160787312,0.519257235139895,0.00496700028688198,7.88399992116e-05,-0.00488816028767038,0.00488816028767038,0.00496700028688198,longline,0.422262,605
longline_decomposition,2016,4,213.763241392452,0.00404765499140827,0.865239851001767,0.00827652711856708,0.0021828199781718,-0.00609370714039528,0.00609370714039528,0.00827652711856708,longline,0.422262,605
longline_decomposition,2016,5,133.077029065183,0.0266863294742175,3.55133744308349,0.033970627474951,0.0264479497355205,-0.00752267773943047,0.00752267773943047,0.033970627474951,longline,0.422262,605
longline_decomposition,2016,6,84.0172385866971,0.189055023847651,15.8838810446218,0.151938646910101,0.140231588597684,-0.011707058312417,0.011707058312417,0.151938646910101,longline,0.422262,605
longline_decomposition,2016,7,52.7273116716274,0.673949401480337,35.5355401427605,0.339918302796579,0.325370826746292,-0.0145474760502874,0.0145474760502874,0.339918302796579,longline,0.422262,605
longline_decomposition,2016,8,32.1366744964169,0.953849291540774,30.6535442008837,0.293219145610401,0.330362176696378,0.0371430310859777,0.0371430310859777,0.293219145610401,longline,0.422262,605
longline_decomposition,2016,9,19.2614216618723,0.735283331765845,14.1626022940883,0.135473605175246,0.146784758532152,0.0113111533569065,0.0113111533569065,0.135473605175246,longline,0.422262,605
longline_decomposition,2016,10,31.7612774303556,0.0875598855619831,2.78101381710434,0.0266020297698086,0.0285397797146022,0.00193774994479361,0.00193774994479361,0.0266020297698086,longline,0.422262,605
longline_decomposition,2017,1,933.354649315496,0.000251956837497815,0.235165085705415,0.00224705039053511,1e-08,-0.00224704039053511,0.00224704039053511,0.00224705039053511,longline,0.419401,610
longline_decomposition,2017,2,583.258958257793,0.000612639719782154,0.357327604747485,0.00341433819305399,1.2e-06,-0.00341313819305399,0.00341313819305399,0.00341433819305399,longline,0.419401,610
longline_decomposition,2017,3,349.918227915288,0.00148962160787312,0.521245753291284,0.00498060955768392,7.655e-05,-0.00490405955768392,0.00490405955768392,0.00498060955768392,longline,0.419401,610
longline_decomposition,2017,4,208.8720733045,0.00404765499140827,0.845442090076754,0.00807837172334994,0.00213335,-0.00594502172334994,0.00594502172334994,0.00807837172334994,longline,0.419401,610
longline_decomposition,2017,5,132.402078037009,0.0266863294742175,3.53332547756669,0.0337616460812536,0.02601777,-0.00774387608125355,0.00774387608125355,0.0337616460812536,longline,0.419401,610
longline_decomposition,2017,6,84.2223409113458,0.189055023847651,15.9226566694995,0.152144234252421,0.13885371,-0.013290524252421,0.013290524252421,0.152144234252421,longline,0.419401,610
longline_decomposition,2017,7,52.7968431175052,0.673949401480337,35.5824008190939,0.33999710210758,0.32428274,-0.0157143621075796,0.0157143621075796,0.33999710210758,longline,0.419401,610
longline_decomposition,2017,8,32.1719146567655,0.953849291540774,30.687158002866,0.293222057891415,0.33141268,0.0381906221085854,0.0381906221085854,0.293222057891415,longline,0.419401,610
longline_decomposition,2017,9,19.2859837066048,0.735283331765845,14.1806623561742,0.135499123051811,0.14821541,0.0127162869481887,0.0127162869481887,0.135499123051811,longline,0.419401,610
longline_decomposition,2017,10,31.85966011938,0.0875598855619831,2.78962819409659,0.0266554667508969,0.02900658,0.00235111324910315,0.00235111324910315,0.0266554667508969,longline,0.419401,610
longline_decomposition,2018,1,934.64265908118,0.000251956837497815,0.235489608572643,0.00225021988862058,9.9999999e-09,-0.00225020988862068,0.00225020988862068,0.00225021988862058,longline,0.417905,615
longline_decomposition,2018,2,586.204694086723,0.000612639719782154,0.359132279520273,0.00343168687111253,1.1599999884e-06,-0.00343052687112413,0.00343052687112413,0.00343168687111253,longline,0.417905,615
longline_decomposition,2018,3,352.197653875525,0.00148962160787312,0.5246412354552,0.00501320695026589,7.43199992568e-05,-0.00493888695100908,0.00493888695100908,0.00501320695026589,longline,0.417905,615
longline_decomposition,2018,4,209.671957987806,0.00404765499140827,0.848679747307688,0.00810955548330342,0.002084899979151,-0.00602465550415242,0.00602465550415242,0.00810955548330342,longline,0.417905,615
longline_decomposition,2018,5,129.372554276728,0.0266863294742175,3.45247860834986,0.0329901437122202,0.025593299744067,-0.00739684396815324,0.00739684396815324,0.0329901437122202,longline,0.417905,615
longline_decomposition,2018,6,83.7951751112629,0.189055023847651,15.8418988289779,0.151377192541746,0.137482448625176,-0.0138947439165701,0.0138947439165701,0.151377192541746,longline,0.417905,615
longline_decomposition,2018,7,52.9257304201549,0.673949401480337,35.6692643395731,0.340837493916904,0.32318203676818,-0.0176554571487245,0.0176554571487245,0.340837493916904,longline,0.417905,615
longline_decomposition,2018,8,32.2143397239996,0.953849291540774,30.7276251231908,0.293617682756275,0.332449806675502,0.0388321239192272,0.0388321239192272,0.293617682756275,longline,0.417905,615
longline_decomposition,2018,9,19.3071321660815,0.735283331765845,14.1962124659199,0.135651843949803,0.149652478503475,0.0140006345536719,0.0140006345536719,0.135651843949803,longline,0.417905,615
longline_decomposition,2018,10,31.9369829880836,0.0875598855619831,2.7963985756316,0.0267209739297495,0.0294795397052046,0.00275856577545509,0.00275856577545509,0.0267209739297495,longline,0.417905,615
longline_decomposition,2019,1,905.224552904604,0.000251956837497815,0.228077515575218,0.00218838035297284,1e-08,-0.00218837035297284,0.00218837035297284,0.00218838035297284,longline,0.417372,620
longline_decomposition,2019,2,587.013644222909,0.000612639719782154,0.359627874505024,0.00345059254509737,1.12e-06,-0.00344947254509737,0.00344947254509737,0.00345059254509737,longline,0.417372,620
longline_decomposition,2019,3,353.976419950521,0.00148962160787312,0.527290923835865,0.00505930229515656,7.216e-05,-0.00498714229515656,0.00498714229515656,0.00505930229515656,longline,0.417372,620
longline_decomposition,2019,4,211.037796249558,0.00404765499140827,0.854208189365325,0.00819603990442053,0.00203744,-0.00615859990442053,0.00615859990442053,0.00819603990442053,longline,0.417372,620
longline_decomposition,2019,5,129.867992096486,0.0266863294742175,3.46570002524189,0.0332530360364944,0.02517449,-0.00807854603649436,0.00807854603649436,0.0332530360364944,longline,0.417372,620
longline_decomposition,2019,6,81.8778375757787,0.189055023847651,15.479416535483,0.148523412912055,0.1361179,-0.0124055129120553,0.0124055129120553,0.148523412912055,longline,0.417372,620
longline_decomposition,2019,7,52.6572973448537,0.673949401480337,35.4883540291363,0.340507114525694,0.32206888,-0.0184382345256935,0.0184382345256935,0.340507114525694,longline,0.417372,620
longline_decomposition,2019,8,32.29298115611,0.953849291540774,30.8026371974951,0.295548142449483,0.33347342,0.0379252775505175,0.0379252775505175,0.295548142449483,longline,0.417372,620
longline_decomposition,2019,9,19.3325924592901,0.735283331765845,14.2149329951381,0.13639082312402,0.15109588,0.0147050568759798,0.0147050568759798,0.13639082312402,longline,0.417372,620
longline_decomposition,2019,10,31.9988765632881,0.0875598855619831,2.80181796999353,0.0268831558546068,0.0299587,0.00307554414539322,0.00307554414539322,0.0268831558546068,longline,0.417372,620
longline_decomposition,2020,1,896.569332135981,0.000251956837497815,0.22589677352251,0.00218539193997362,1e-08,-0.00218538193997362,0.00218538193997362,0.00218539193997362,longline,0.41731,625
longline_decomposition,2020,2,568.537246270108,0.000612639719782154,0.348308499240636,0.00336963903908501,1.08e-06,-0.00336855903908501,0.00336855903908501,0.00336963903908501,longline,0.41731,625
longline_decomposition,2020,3,354.464899957614,0.00148962160787312,0.528018574209445,0.00510820724988664,7.005e-05,-0.00503815724988664,0.00503815724988664,0.00510820724988664,longline,0.41731,625
longline_decomposition,2020,4,212.103637740493,0.00404765499140827,0.858522347996159,0.0083055981293645,0.00199097,-0.0063146281293645,0.0063146281293645,0.0083055981293645,longline,0.41731,625
longline_decomposition,2020,5,130.713973954453,0.0266863294742175,3.48827617583283,0.0337466114287261,0.02476129,-0.00898532142872607,0.00898532142872607,0.0337466114287261,longline,0.41731,625
longline_decomposition,2020,6,82.1913923135804,0.189055023847651,15.5386956339156,0.150325919518628,0.13476012,-0.0155657995186275,0.0155657995186275,0.150325919518628,longline,0.41731,625
longline_decomposition,2020,7,51.4524330721509,0.673949401480337,34.6763364736832,0.335469095267309,0.32094343,-0.0145256652673086,0.0145256652673086,0.335469095267309,longline,0.41731,625
longline_decomposition,2020,8,32.1291949565892,0.953849291540774,30.646409847118,0.296482397799038,0.33448338,0.038000982200962,0.038000982200962,0.296482397799038,longline,0.41731,625
longline_decomposition,2020,9,19.3797870555609,0.735283331765845,14.2496343951254,0.13785516131586,0.15254555,0.0146903886841396,0.0146903886841396,0.13785516131586,longline,0.41731,625
longline_decomposition,2020,10,32.0536125994572,0.0875598855619831,2.80661065105661,0.0271519783121296,0.03044412,0.0032921416878704,0.0032921416878704,0.0271519783121296,longline,0.41731,625
mean_by_age,,1,,,,0.00229334587560229,1.0999999985e-08,-0.00229333487560231,0.00229333487560231,,longline,,
mean_by_age,,2,,,,0.00350161422613545,1.547999998855e-06,-0.00350006622613659,0.00350006622613659,,longline,,
mean_by_age,,3,,,,0.0051377531794231,9.3847499926895e-05,-0.0050439056794962,0.0050439056794962,,longline,,
mean_by_age,,4,,,,0.00834660584245167,0.00249289599794151,-0.00585370984451016,0.00585370984451016,,longline,,
mean_by_age,,5,,,,0.034024208273989,0.029018571474634,-0.00500563679935497,0.00500563679935497,,longline,,
mean_by_age,,6,,,,0.15221378399662,0.148026042363227,-0.00418774163339366,0.00736012255266153,,longline,,
mean_by_age,,7,,,,0.33997530833815,0.330896578677337,-0.00907872966081336,0.00938092432902285,,longline,,
mean_by_age,,8,,,,0.292895319007598,0.324145112166985,0.0312497931593871,0.0312497931593871,,longline,,
mean_by_age,,9,,,,0.134870410425841,0.139148875849645,0.00427846542380455,0.00714212242139606,,longline,,
mean_by_age,,10,,,,0.026741650834189,0.0261765169703046,-0.000565133863884371,0.00232514289635642,,longline,,
